{
  "project_info": {
    "project_number": "628690402660",
    "project_id": "smartfarmbase",
    "storage_bucket": "smartfarmbase.appspot.com"
  },
  "client": [
    {
      "client_info": {
        "mobilesdk_app_id": "1:628690402660:android:96a6ebe4b6e45a72900e71",
        "android_client_info": {
          "package_name": "com.example.smartfarmapp"
        }
      },
      "oauth_client": [
        {
          "client_id": "628690402660-q03r6rj9lrhocc1l7aevi3tvc25erh8c.apps.googleusercontent.com",
          "client_type": 3
        }
      ],
      "api_key": [
        {
          "current_key": "AIzaSyD-hGpH6iU8Dhd6Tu2UPvTaLne95LePwlc"
        }
      ],
      "services": {
        "appinvite_service": {
          "other_platform_oauth_client": [
            {
              "client_id": "628690402660-q03r6rj9lrhocc1l7aevi3tvc25erh8c.apps.googleusercontent.com",
              "client_type": 3
            }
          ]
        }
      }
    }
  ],
  "configuration_version": "1"
}